id,first_name,last_name,email,company,city
1,Samuel,Bishop,sbishop0@businessinsider.com,Amazon,San Francisco
2,Janet,Barnes,jbarnes1@edublogs.org,Yahoo,Seattle
3,Anthony,Black,ablack2@vinaora.com,Google,Austin
4,Angela,Fuller,afuller3@timesonline.co.uk,Apple,San Francisco
5,Norma,Lopez,nlopez4@tuttocitta.it,Google,New York
6,Jean,Stanley,jstanley5@blog.com,Amazon,New York
7,Michelle,Jackson,mjackson6@cyberchimps.com,Granify,New York
8,Jonathan,Green,jgreen7@biblegateway.com,Granify,New York
9,Clarence,Mccoy,cmccoy8@gnu.org,Dell,New York
10,Terry,Mendoza,tmendoza9@51.la,Dell,Austin
11,Fred,Edwards,fedwardsa@wikipedia.org,Apple,Austin
12,Andrea,Moore,amooreb@google.ca,Dell,Seattle
13,Patrick,Carpenter,pcarpenterc@biglobe.ne.jp,Yahoo,Austin
14,Jeffrey,Burton,jburtond@amazonaws.com,Amazon,Seattle
15,Edward,Dunn,edunne@shinystat.com,Apple,New York
16,Irene,Bowman,ibowmanf@psu.edu,Apple,Austin
17,Pamela,Hudson,phudsong@csmonitor.com,Amazon,Seattle
18,Ruby,Duncan,rduncanh@infoseek.co.jp,Yahoo,Seattle
19,Stephen,Watson,swatsoni@ustream.tv,Apple,Austin
20,Justin,Evans,jevansj@wikimedia.org,Granify,Seattle
21,Robin,Franklin,rfranklink@arizona.edu,Apple,San Francisco
22,Mary,Bailey,mbaileyl@rakuten.co.jp,Apple,Seattle
23,Russell,Lopez,rlopezm@godaddy.com,Granify,Austin
24,Philip,Frazier,pfraziern@surveymonkey.com,Dell,Seattle
25,Juan,Barnes,jbarneso@si.edu,Granify,Austin
26,Harry,Roberts,hrobertsp@ihg.com,Yahoo,Seattle
27,Teresa,Roberts,trobertsq@hubpages.com,Dell,San Francisco
28,Nicholas,Richards,nrichardsr@mashable.com,Yahoo,San Francisco
29,Joe,Jordan,jjordans@mapy.cz,Google,San Francisco
30,Mary,Montgomery,mmontgomeryt@biglobe.ne.jp,Dell,Austin
31,Gerald,Perkins,gperkinsu@devhub.com,Granify,Austin
32,Patrick,Davis,pdavisv@gizmodo.com,Granify,Seattle
33,Patricia,Murray,pmurrayw@biblegateway.com,Amazon,San Francisco
34,Laura,Hunt,lhuntx@gmpg.org,Yahoo,San Francisco
35,George,Crawford,gcrawfordy@wikispaces.com,Granify,Seattle
36,Jeffrey,Turner,jturnerz@simplemachines.org,Apple,San Francisco
37,Marie,Gutierrez,mgutierrez10@newyorker.com,Apple,Seattle
38,Irene,Watkins,iwatkins11@squarespace.com,Yahoo,New York
39,Thomas,Cox,tcox12@upenn.edu,Amazon,San Francisco
40,Emily,Chapman,echapman13@google.nl,Apple,Seattle
41,Brandon,Sims,bsims14@quantcast.com,Google,Seattle
42,Carol,Burke,cburke15@apache.org,Apple,San Francisco
43,Irene,Fowler,ifowler16@usnews.com,Yahoo,Austin
44,Jerry,Stephens,jstephens17@redcross.org,Google,Austin
45,Ralph,Hayes,rhayes18@people.com.cn,Yahoo,San Francisco
46,Tammy,Mills,tmills19@multiply.com,Granify,Austin
47,Frank,Andrews,fandrews1a@timesonline.co.uk,Yahoo,Austin
48,Janice,Ruiz,jruiz1b@gizmodo.com,Amazon,New York
49,Jacqueline,Medina,jmedina1c@free.fr,Granify,Seattle
50,Harry,Brooks,hbrooks1d@paypal.com,Amazon,San Francisco
51,Beverly,Rose,brose1e@geocities.jp,Apple,New York
52,Nicole,Hicks,nhicks1f@furl.net,Google,Austin
53,Adam,Cole,acole1g@comsenz.com,Granify,New York
54,Teresa,Franklin,tfranklin1h@huffingtonpost.com,Dell,Austin
55,Richard,James,rjames1i@craigslist.org,Granify,Austin
56,Randy,Harrison,rharrison1j@paypal.com,Amazon,San Francisco
57,Larry,Frazier,lfrazier1k@addthis.com,Yahoo,New York
58,Paula,Harrison,pharrison1l@ask.com,Apple,Seattle
59,Antonio,Lawrence,alawrence1m@netvibes.com,Yahoo,San Francisco
60,Martha,Carpenter,mcarpenter1n@msu.edu,Apple,San Francisco
61,Matthew,Stephens,mstephens1o@nature.com,Google,San Francisco
62,Chris,Torres,ctorres1p@mozilla.org,Dell,Austin
63,Patrick,Duncan,pduncan1q@dell.com,Granify,San Francisco
64,Louise,Dunn,ldunn1r@umn.edu,Yahoo,Seattle
65,Ashley,Hawkins,ahawkins1s@scientificamerican.com,Yahoo,New York
66,Larry,Rivera,lrivera1t@pbs.org,Yahoo,Austin
67,Todd,Gordon,tgordon1u@mac.com,Apple,Seattle
68,Rachel,Jacobs,rjacobs1v@google.com.br,Apple,New York
69,Joe,Young,jyoung1w@liveinternet.ru,Amazon,Seattle
70,Nicholas,Boyd,nboyd1x@amazon.com,Google,San Francisco
71,Jane,Howell,jhowell1y@cbslocal.com,Yahoo,Austin
72,Catherine,Wells,cwells1z@vk.com,Granify,San Francisco
73,Dennis,Evans,devans20@shop-pro.jp,Granify,New York
74,Howard,Henry,hhenry21@icq.com,Granify,Austin
75,Stephanie,Evans,sevans22@goo.ne.jp,Yahoo,Austin
76,Earl,Diaz,ediaz23@nhs.uk,Yahoo,Seattle
77,Thomas,Day,tday24@homestead.com,Yahoo,Austin
78,James,Riley,jriley25@squidoo.com,Google,New York
79,Martin,Kelly,mkelly26@networksolutions.com,Google,Seattle
80,Jesse,Evans,jevans27@house.gov,Yahoo,San Francisco
81,Judy,Davis,jdavis28@pinterest.com,Amazon,San Francisco
82,Antonio,Bailey,abailey29@webnode.com,Google,Austin
83,Jesse,Boyd,jboyd2a@xinhuanet.com,Granify,New York
84,James,Mcdonald,jmcdonald2b@wiley.com,Dell,Seattle
85,Juan,Shaw,jshaw2c@patch.com,Google,New York
86,Judy,Stevens,jstevens2d@themeforest.net,Amazon,Austin
87,Carolyn,Cox,ccox2e@jugem.jp,Google,San Francisco
88,Walter,Wagner,wwagner2f@cbsnews.com,Google,New York
89,Jose,Dean,jdean2g@infoseek.co.jp,Google,San Francisco
90,Theresa,Perez,tperez2h@reuters.com,Apple,San Francisco
91,Samuel,Garrett,sgarrett2i@eepurl.com,Amazon,San Francisco
92,Wanda,Foster,wfoster2j@fotki.com,Apple,Seattle
93,Shawn,Nichols,snichols2k@salon.com,Yahoo,San Francisco
94,Thomas,Ramirez,tramirez2l@sciencedirect.com,Yahoo,San Francisco
95,Benjamin,Fisher,bfisher2m@vinaora.com,Granify,New York
96,Ryan,Lopez,rlopez2n@sina.com.cn,Apple,San Francisco
97,Anna,Nelson,anelson2o@cnbc.com,Amazon,San Francisco
98,Kathryn,Knight,kknight2p@adobe.com,Apple,Austin
99,Donald,Shaw,dshaw2q@cnn.com,Amazon,New York
100,Jacqueline,Hamilton,jhamilton2r@sfgate.com,Amazon,Austin
101,Joseph,Ford,jford2s@engadget.com,Yahoo,New York
102,Jerry,Barnes,jbarnes2t@examiner.com,Amazon,Austin
103,Mark,Rodriguez,mrodriguez2u@deviantart.com,Google,Austin
104,Pamela,Foster,pfoster2v@europa.eu,Yahoo,San Francisco
105,Debra,Ruiz,druiz2w@posterous.com,Yahoo,Austin
106,Beverly,Lawson,blawson2x@reverbnation.com,Granify,Austin
107,Benjamin,Lawrence,blawrence2y@jalbum.net,Google,New York
108,Russell,Chapman,rchapman2z@marketwatch.com,Granify,Austin
109,Louis,White,lwhite30@utexas.edu,Granify,Austin
110,Michelle,Stevens,mstevens31@cocolog-nifty.com,Google,Seattle
111,Virginia,Fernandez,vfernandez32@storify.com,Amazon,New York
112,Anna,Peters,apeters33@alexa.com,Dell,Seattle
113,Doris,Kelley,dkelley34@auda.org.au,Dell,New York
114,George,Hamilton,ghamilton35@google.de,Apple,Austin
115,Robin,Hayes,rhayes36@soup.io,Granify,Seattle
116,Jeffrey,Garza,jgarza37@last.fm,Dell,San Francisco
117,Michael,Richardson,mrichardson38@mail.ru,Yahoo,Seattle
118,Angela,Powell,apowell39@godaddy.com,Yahoo,Seattle
119,Roger,Fields,rfields3a@ehow.com,Amazon,Seattle
120,Jane,Oliver,joliver3b@guardian.co.uk,Granify,Austin
121,Bobby,Mendoza,bmendoza3c@webmd.com,Yahoo,San Francisco
122,Margaret,Sanders,msanders3d@harvard.edu,Granify,Austin
123,Susan,Wood,swood3e@surveymonkey.com,Apple,San Francisco
124,Sharon,Patterson,spatterson3f@ebay.com,Amazon,New York
125,Joyce,Dixon,jdixon3g@soup.io,Amazon,Seattle
126,Mildred,Allen,mallen3h@desdev.cn,Google,San Francisco
127,Anna,Hart,ahart3i@google.it,Granify,San Francisco
128,Alice,Lawrence,alawrence3j@aol.com,Dell,New York
129,Catherine,Wallace,cwallace3k@businesswire.com,Yahoo,Austin
130,Paula,Ruiz,pruiz3l@home.pl,Granify,Seattle
131,Todd,Hernandez,thernandez3m@ow.ly,Granify,San Francisco
132,Lori,Griffin,lgriffin3n@com.com,Google,New York
133,Kenneth,Carroll,kcarroll3o@360.cn,Granify,San Francisco
134,Alice,Rivera,arivera3p@a8.net,Apple,Austin
135,Christina,Stone,cstone3q@dmoz.org,Yahoo,San Francisco
136,Maria,Banks,mbanks3r@umn.edu,Dell,New York
137,Virginia,Ellis,vellis3s@state.gov,Amazon,San Francisco
138,Kathleen,Wheeler,kwheeler3t@phpbb.com,Apple,San Francisco
139,Frances,Peterson,fpeterson3u@disqus.com,Amazon,Austin
140,John,Reyes,jreyes3v@about.me,Granify,New York
141,Ronald,Gutierrez,rgutierrez3w@imgur.com,Google,Seattle
142,Rebecca,Collins,rcollins3x@theatlantic.com,Google,New York
143,Phyllis,Sanders,psanders3y@aol.com,Apple,New York
144,Aaron,Rogers,arogers3z@discovery.com,Amazon,San Francisco
145,Diana,Lopez,dlopez40@behance.net,Google,New York
146,Stephanie,Stanley,sstanley41@netvibes.com,Granify,Austin
147,Judith,Johnston,jjohnston42@indiatimes.com,Apple,New York
148,Ernest,Duncan,eduncan43@samsung.com,Granify,Austin
149,Laura,Larson,llarson44@google.nl,Google,San Francisco
150,Andrea,Edwards,aedwards45@gmpg.org,Yahoo,Austin
151,Virginia,Simpson,vsimpson46@whitehouse.gov,Dell,San Francisco
152,Tina,Rose,trose47@people.com.cn,Amazon,New York
153,Janet,Austin,jaustin48@spotify.com,Dell,Seattle
154,Kathleen,Ruiz,kruiz49@google.com.hk,Apple,Austin
155,Anthony,Long,along4a@sciencedirect.com,Google,Austin
156,Adam,Boyd,aboyd4b@dmoz.org,Amazon,Austin
157,Thomas,Green,tgreen4c@g.co,Apple,New York
158,Dennis,Hughes,dhughes4d@vimeo.com,Granify,San Francisco
159,Arthur,Wells,awells4e@github.io,Apple,Austin
160,Andrew,Murphy,amurphy4f@narod.ru,Dell,San Francisco
161,Edward,Mitchell,emitchell4g@elpais.com,Amazon,Seattle
162,Stephanie,Spencer,sspencer4h@narod.ru,Dell,Seattle
163,Christopher,Alvarez,calvarez4i@unesco.org,Granify,Austin
164,Louise,Daniels,ldaniels4j@chicagotribune.com,Granify,New York
165,Deborah,Chapman,dchapman4k@thetimes.co.uk,Amazon,San Francisco
166,Tina,Warren,twarren4l@imdb.com,Granify,Seattle
167,Fred,Edwards,fedwards4m@oakley.com,Granify,San Francisco
168,Laura,Brooks,lbrooks4n@nsw.gov.au,Yahoo,San Francisco
169,Lillian,Hunter,lhunter4o@acquirethisname.com,Yahoo,Seattle
170,Debra,Cox,dcox4p@newsvine.com,Amazon,Austin
171,Pamela,Hunt,phunt4q@marriott.com,Dell,San Francisco
172,Gerald,Long,glong4r@amazon.com,Apple,Austin
173,Steve,Taylor,staylor4s@pagesperso-orange.fr,Yahoo,Seattle
174,Earl,Torres,etorres4t@usatoday.com,Amazon,Austin
175,Emily,Reid,ereid4u@nydailynews.com,Google,New York
176,Pamela,Harris,pharris4v@wikipedia.org,Apple,San Francisco
177,Elizabeth,Watson,ewatson4w@tmall.com,Apple,New York
178,Stephen,Chavez,schavez4x@friendfeed.com,Yahoo,New York
179,Johnny,Kim,jkim4y@squidoo.com,Yahoo,New York
180,Virginia,Frazier,vfrazier4z@phoca.cz,Yahoo,New York
181,Larry,Myers,lmyers50@twitpic.com,Amazon,New York
182,Joseph,King,jking51@globo.com,Yahoo,San Francisco
183,Bonnie,Dean,bdean52@usa.gov,Yahoo,Austin
184,Bruce,Ramos,bramos53@yelp.com,Google,San Francisco
185,Aaron,Knight,aknight54@ihg.com,Granify,Seattle
186,Tammy,Fuller,tfuller55@disqus.com,Amazon,New York
187,Clarence,Kelley,ckelley56@edublogs.org,Yahoo,Austin
188,Ashley,Sullivan,asullivan57@mtv.com,Apple,Seattle
189,Kimberly,Long,klong58@redcross.org,Dell,New York
190,Evelyn,Gomez,egomez59@google.cn,Google,San Francisco
191,Brenda,Cox,bcox5a@businessweek.com,Dell,Seattle
192,Ernest,Hunter,ehunter5b@icio.us,Amazon,Seattle
193,Paul,Anderson,panderson5c@example.com,Google,San Francisco
194,Heather,Banks,hbanks5d@abc.net.au,Yahoo,New York
195,Angela,Sullivan,asullivan5e@a8.net,Granify,New York
196,Jason,Fox,jfox5f@wisc.edu,Apple,New York
197,Jeffrey,Mason,jmason5g@cbsnews.com,Dell,New York
198,James,Robinson,jrobinson5h@independent.co.uk,Apple,Austin
199,Shawn,Allen,sallen5i@home.pl,Google,San Francisco
200,Denise,Palmer,dpalmer5j@people.com.cn,Google,San Francisco
201,Ann,Tucker,atucker5k@ezinearticles.com,Amazon,Seattle
202,Ann,Johnston,ajohnston5l@who.int,Google,Seattle
203,Deborah,James,djames5m@gnu.org,Amazon,Austin
204,William,Garza,wgarza5n@toplist.cz,Apple,Austin
205,Jeffrey,Freeman,jfreeman5o@skyrock.com,Amazon,New York
206,Carlos,Little,clittle5p@foxnews.com,Apple,Seattle
207,Eric,Harvey,eharvey5q@yale.edu,Google,San Francisco
208,Craig,Baker,cbaker5r@com.com,Dell,San Francisco
209,Jean,Hawkins,jhawkins5s@blog.com,Amazon,New York
210,Jimmy,Tucker,jtucker5t@smugmug.com,Amazon,New York
211,Frances,Mccoy,fmccoy5u@google.com.au,Apple,Austin
212,Sandra,Ruiz,sruiz5v@google.it,Granify,Austin
213,Frances,Arnold,farnold5w@com.com,Amazon,Austin
214,Wanda,Russell,wrussell5x@wufoo.com,Granify,Seattle
215,Cynthia,Snyder,csnyder5y@acquirethisname.com,Dell,Austin
216,Bruce,Perez,bperez5z@washington.edu,Granify,Seattle
217,Larry,Palmer,lpalmer60@indiegogo.com,Google,Seattle
218,Gregory,Anderson,ganderson61@plala.or.jp,Dell,San Francisco
219,Carlos,Gutierrez,cgutierrez62@wufoo.com,Granify,Seattle
220,Cheryl,Carpenter,ccarpenter63@yolasite.com,Apple,New York
221,Doris,Shaw,dshaw64@soundcloud.com,Amazon,Seattle
222,Adam,Willis,awillis65@photobucket.com,Google,Austin
223,Sean,Welch,swelch66@yahoo.co.jp,Yahoo,Seattle
224,Julie,Barnes,jbarnes67@narod.ru,Dell,Seattle
225,Philip,Green,pgreen68@ow.ly,Dell,Austin
226,Teresa,Phillips,tphillips69@army.mil,Apple,Seattle
227,Kelly,Roberts,kroberts6a@skyrock.com,Dell,Seattle
228,Mark,Watkins,mwatkins6b@livejournal.com,Yahoo,Seattle
229,Albert,Mendoza,amendoza6c@thetimes.co.uk,Amazon,New York
230,Michael,Harrison,mharrison6d@drupal.org,Amazon,Seattle
231,Jose,Boyd,jboyd6e@drupal.org,Amazon,Austin
232,Joyce,Watkins,jwatkins6f@nature.com,Google,San Francisco
233,Gary,Young,gyoung6g@comcast.net,Dell,San Francisco
234,Ronald,Barnes,rbarnes6h@nature.com,Google,Seattle
235,Janet,Wheeler,jwheeler6i@techcrunch.com,Apple,Austin
236,Jesse,Richards,jrichards6j@google.de,Amazon,New York
237,Mary,Day,mday6k@ted.com,Google,San Francisco
238,Robin,Stevens,rstevens6l@upenn.edu,Apple,San Francisco
239,Stephen,Romero,sromero6m@istockphoto.com,Google,San Francisco
240,John,James,jjames6n@tumblr.com,Google,Austin
241,Rachel,Henderson,rhenderson6o@jigsy.com,Granify,San Francisco
242,Wayne,Williams,wwilliams6p@usgs.gov,Granify,Seattle
243,Jack,Richardson,jrichardson6q@nyu.edu,Yahoo,New York
244,Lillian,Richardson,lrichardson6r@spotify.com,Dell,Seattle
245,Stephanie,Hunt,shunt6s@salon.com,Granify,New York
246,Thomas,Crawford,tcrawford6t@facebook.com,Amazon,New York
247,Patrick,Weaver,pweaver6u@sourceforge.net,Apple,San Francisco
248,Keith,Spencer,kspencer6v@1und1.de,Apple,Seattle
249,Anne,Ross,aross6w@merriam-webster.com,Apple,New York
250,Carlos,Black,cblack6x@bloglines.com,Amazon,New York
251,Steve,Burke,sburke6y@canalblog.com,Yahoo,Austin
252,Russell,Roberts,rroberts6z@apple.com,Dell,San Francisco
253,Phyllis,Brooks,pbrooks70@answers.com,Apple,Austin
254,Martha,King,mking71@sourceforge.net,Google,Austin
255,Pamela,Scott,pscott72@vinaora.com,Apple,Austin
256,Eric,Martinez,emartinez73@quantcast.com,Dell,Seattle
257,Denise,Morales,dmorales74@gizmodo.com,Granify,Austin
258,Paula,Mccoy,pmccoy75@ehow.com,Amazon,Austin
259,Annie,Austin,aaustin76@sohu.com,Apple,New York
260,Diane,Young,dyoung77@bbc.co.uk,Apple,San Francisco
261,Diana,Gonzalez,dgonzalez78@smugmug.com,Dell,Seattle
262,Carol,Henry,chenry79@dion.ne.jp,Dell,New York
263,Matthew,Jackson,mjackson7a@hugedomains.com,Yahoo,San Francisco
264,Emily,Griffin,egriffin7b@nasa.gov,Yahoo,Austin
265,Sara,Gordon,sgordon7c@msn.com,Apple,Seattle
266,Jason,Barnes,jbarnes7d@tmall.com,Yahoo,Seattle
267,Doris,Morales,dmorales7e@rambler.ru,Apple,Austin
268,Joe,Banks,jbanks7f@ehow.com,Apple,Austin
269,Anne,Perkins,aperkins7g@sina.com.cn,Google,New York
270,Benjamin,Bishop,bbishop7h@angelfire.com,Granify,New York
271,Johnny,Miller,jmiller7i@comcast.net,Granify,Austin
272,Phillip,Henderson,phenderson7j@ucsd.edu,Granify,Austin
273,Anna,Wilson,awilson7k@jugem.jp,Granify,Seattle
274,Jeffrey,Mason,jmason7l@dedecms.com,Google,Austin
275,Wayne,Bailey,wbailey7m@blogger.com,Granify,San Francisco
276,Gloria,Rogers,grogers7n@typepad.com,Apple,Seattle
277,Emily,Ray,eray7o@ifeng.com,Dell,Austin
278,Deborah,Mills,dmills7p@amazon.de,Google,Austin
279,Debra,Webb,dwebb7q@wix.com,Dell,Seattle
280,Roy,Mendoza,rmendoza7r@github.io,Apple,Seattle
281,Dennis,Marshall,dmarshall7s@ucoz.ru,Apple,Seattle
282,Susan,Sanders,ssanders7t@eepurl.com,Granify,San Francisco
283,Frances,Patterson,fpatterson7u@jigsy.com,Google,San Francisco
284,Phillip,Mason,pmason7v@gizmodo.com,Google,San Francisco
285,Sean,Fox,sfox7w@mysql.com,Granify,San Francisco
286,Larry,Morris,lmorris7x@biglobe.ne.jp,Dell,Seattle
287,Joshua,Wright,jwright7y@businessweek.com,Apple,Austin
288,Nicole,Cunningham,ncunningham7z@vk.com,Dell,San Francisco
289,Helen,Fowler,hfowler80@e-recht24.de,Google,Austin
290,Fred,Ward,fward81@mail.ru,Apple,Austin
291,Jacqueline,Richards,jrichards82@i2i.jp,Google,New York
292,Ronald,Clark,rclark83@paypal.com,Amazon,Seattle
293,Antonio,Gonzalez,agonzalez84@buzzfeed.com,Amazon,New York
294,Maria,Roberts,mroberts85@ted.com,Granify,Austin
295,Walter,Murray,wmurray86@csmonitor.com,Apple,Austin
296,Janet,Warren,jwarren87@ifeng.com,Yahoo,New York
297,Dorothy,Dixon,ddixon88@nyu.edu,Apple,Austin
298,James,Spencer,jspencer89@sohu.com,Google,Seattle
299,Kathy,Martin,kmartin8a@si.edu,Granify,Austin
300,Eugene,Evans,eevans8b@elpais.com,Yahoo,Austin
301,Ashley,Harper,aharper8c@lulu.com,Dell,Seattle
302,Ralph,Robertson,rrobertson8d@opensource.org,Dell,San Francisco
303,Philip,Gilbert,pgilbert8e@paypal.com,Yahoo,Austin
304,Ann,White,awhite8f@domainmarket.com,Google,New York
305,Craig,Black,cblack8g@spiegel.de,Yahoo,New York
306,Victor,Hughes,vhughes8h@webs.com,Apple,Austin
307,Martha,Hill,mhill8i@mail.ru,Apple,San Francisco
308,Harry,Hill,hhill8j@washington.edu,Google,San Francisco
309,Adam,Mason,amason8k@vistaprint.com,Amazon,New York
310,Catherine,Freeman,cfreeman8l@weebly.com,Google,Seattle
311,Eric,Morrison,emorrison8m@addtoany.com,Amazon,Austin
312,Jane,Howell,jhowell8n@tripod.com,Dell,Austin
313,Jack,Ortiz,jortiz8o@goo.ne.jp,Yahoo,Seattle
314,Barbara,Richards,brichards8p@senate.gov,Google,San Francisco
315,Jeremy,Burton,jburton8q@wikia.com,Google,Seattle
316,Elizabeth,Kennedy,ekennedy8r@marriott.com,Yahoo,Austin
317,Aaron,Murphy,amurphy8s@google.nl,Dell,San Francisco
318,Charles,Fuller,cfuller8t@meetup.com,Amazon,Austin
319,Teresa,Day,tday8u@paginegialle.it,Apple,Seattle
320,Maria,Brooks,mbrooks8v@telegraph.co.uk,Dell,New York
321,Stephanie,Fowler,sfowler8w@gizmodo.com,Dell,San Francisco
322,Edward,Carter,ecarter8x@youtu.be,Amazon,Seattle
323,Gregory,Gardner,ggardner8y@spotify.com,Amazon,New York
324,Donna,Gonzalez,dgonzalez8z@bravesites.com,Amazon,New York
325,Debra,Howard,dhoward90@g.co,Apple,New York
326,Amanda,Kennedy,akennedy91@last.fm,Dell,Seattle
327,George,Griffin,ggriffin92@nyu.edu,Dell,Seattle
328,Debra,Kim,dkim93@google.it,Google,Austin
329,Ashley,Scott,ascott94@opensource.org,Dell,Seattle
330,Doris,Nguyen,dnguyen95@surveymonkey.com,Apple,San Francisco
331,Nicole,Hart,nhart96@cnn.com,Dell,New York
332,Barbara,Gardner,bgardner97@mozilla.com,Yahoo,Austin
333,Gary,Simmons,gsimmons98@paginegialle.it,Yahoo,San Francisco
334,Lois,Myers,lmyers99@woothemes.com,Dell,Austin
335,Kevin,Kelley,kkelley9a@gnu.org,Apple,San Francisco
336,Bobby,Williamson,bwilliamson9b@multiply.com,Google,Austin
337,Aaron,Shaw,ashaw9c@bloglovin.com,Apple,Austin
338,Virginia,Ruiz,vruiz9d@google.co.uk,Google,New York
339,Peter,Watson,pwatson9e@squidoo.com,Apple,Austin
340,Judith,Rodriguez,jrodriguez9f@wp.com,Apple,Seattle
341,Emily,Riley,eriley9g@webnode.com,Google,New York
342,Laura,Rodriguez,lrodriguez9h@over-blog.com,Dell,Seattle
343,Martha,Fields,mfields9i@multiply.com,Granify,San Francisco
344,John,Greene,jgreene9j@usnews.com,Dell,Austin
345,Dennis,Brooks,dbrooks9k@dell.com,Google,New York
346,Phillip,Crawford,pcrawford9l@nba.com,Apple,Seattle
347,Carl,Graham,cgraham9m@miitbeian.gov.cn,Google,Austin
348,Sean,Henry,shenry9n@vimeo.com,Apple,Seattle
349,Bobby,Smith,bsmith9o@jiathis.com,Apple,Seattle
350,Russell,Stevens,rstevens9p@springer.com,Amazon,Austin
351,Sara,Hunt,shunt9q@addtoany.com,Granify,New York
352,Ernest,Graham,egraham9r@narod.ru,Amazon,Austin
353,Katherine,Daniels,kdaniels9s@ycombinator.com,Dell,New York
354,Terry,Rose,trose9t@biglobe.ne.jp,Yahoo,Seattle
355,Billy,Simpson,bsimpson9u@ocn.ne.jp,Amazon,Seattle
356,Anthony,Barnes,abarnes9v@geocities.com,Dell,Austin
357,Gloria,Hunt,ghunt9w@bizjournals.com,Yahoo,New York
358,Antonio,Adams,aadams9x@odnoklassniki.ru,Apple,Austin
359,Phyllis,Harrison,pharrison9y@ucsd.edu,Google,San Francisco
360,Terry,Edwards,tedwards9z@ameblo.jp,Granify,Austin
361,Shirley,Perry,sperrya0@who.int,Apple,Seattle
362,Russell,Diaz,rdiaza1@irs.gov,Apple,Seattle
363,Lawrence,Armstrong,larmstronga2@wordpress.org,Google,Austin
364,Phillip,Hunt,phunta3@github.io,Dell,Austin
365,Eric,Larson,elarsona4@soundcloud.com,Amazon,New York
366,Pamela,Dunn,pdunna5@google.cn,Yahoo,Austin
367,Eugene,Perkins,eperkinsa6@instagram.com,Amazon,Seattle
368,Karen,Simmons,ksimmonsa7@loc.gov,Google,San Francisco
369,Sara,Jones,sjonesa8@irs.gov,Yahoo,San Francisco
370,Juan,Simpson,jsimpsona9@seesaa.net,Apple,San Francisco
371,Charles,Jacobs,cjacobsaa@indiatimes.com,Granify,San Francisco
372,Rachel,Palmer,rpalmerab@wisc.edu,Yahoo,New York
373,Dorothy,Hunter,dhunterac@prweb.com,Amazon,San Francisco
374,Patrick,Clark,pclarkad@addthis.com,Amazon,Seattle
375,Matthew,Cook,mcookae@indiegogo.com,Yahoo,New York
376,Jose,Hughes,jhughesaf@adobe.com,Granify,Seattle
377,Anne,Morgan,amorganag@reddit.com,Apple,San Francisco
378,Theresa,Young,tyoungah@liveinternet.ru,Granify,Austin
379,Joshua,Morrison,jmorrisonai@blogger.com,Google,San Francisco
380,Jimmy,Harrison,jharrisonaj@imdb.com,Yahoo,New York
381,Melissa,Reid,mreidak@rediff.com,Google,San Francisco
382,Jack,Sullivan,jsullivanal@ifeng.com,Apple,Seattle
383,Douglas,Austin,daustinam@shop-pro.jp,Amazon,Austin
384,Robin,Jones,rjonesan@prweb.com,Granify,Austin
385,Albert,Evans,aevansao@whitehouse.gov,Yahoo,Austin
386,Diane,Myers,dmyersap@theguardian.com,Apple,Seattle
387,Chris,Bailey,cbaileyaq@feedburner.com,Google,Austin
388,Nancy,Perez,nperezar@plala.or.jp,Dell,New York
389,Ruby,Wood,rwoodas@elegantthemes.com,Apple,Seattle
390,Christine,Bryant,cbryantat@yale.edu,Apple,New York
391,Kathleen,Walker,kwalkerau@earthlink.net,Google,New York
392,Judy,Baker,jbakerav@mapquest.com,Granify,Seattle
393,Ernest,Romero,eromeroaw@sitemeter.com,Granify,New York
394,Ryan,Patterson,rpattersonax@myspace.com,Apple,Seattle
395,Susan,Dunn,sdunnay@dagondesign.com,Google,Austin
396,Sara,Richards,srichardsaz@soundcloud.com,Google,New York
397,Nicole,Shaw,nshawb0@tamu.edu,Google,San Francisco
398,Jean,Wilson,jwilsonb1@acquirethisname.com,Dell,New York
399,Steve,Cole,scoleb2@ed.gov,Apple,San Francisco
400,Jennifer,Reyes,jreyesb3@forbes.com,Google,Austin
401,Heather,Powell,hpowellb4@howstuffworks.com,Granify,San Francisco
402,Pamela,Watson,pwatsonb5@parallels.com,Amazon,San Francisco
403,Sandra,Tucker,stuckerb6@ocn.ne.jp,Amazon,New York
404,Phillip,Thompson,pthompsonb7@businessinsider.com,Google,San Francisco
405,Jean,Perkins,jperkinsb8@harvard.edu,Yahoo,New York
406,Debra,Morris,dmorrisb9@bravesites.com,Yahoo,New York
407,Douglas,Medina,dmedinaba@narod.ru,Google,Austin
408,Ruth,Martinez,rmartinezbb@indiatimes.com,Google,Austin
409,Daniel,Parker,dparkerbc@kickstarter.com,Yahoo,San Francisco
410,Russell,White,rwhitebd@eventbrite.com,Google,New York
411,David,Rose,drosebe@foxnews.com,Apple,Austin
412,Robin,Thomas,rthomasbf@phpbb.com,Dell,Seattle
413,Dorothy,Garrett,dgarrettbg@gizmodo.com,Yahoo,Seattle
414,Jose,Wells,jwellsbh@amazon.de,Dell,New York
415,Mark,Wheeler,mwheelerbi@ebay.co.uk,Amazon,New York
416,Earl,Wood,ewoodbj@ezinearticles.com,Google,Austin
417,Marie,Young,myoungbk@php.net,Yahoo,Austin
418,Lois,Hill,lhillbl@pbs.org,Yahoo,Seattle
419,Katherine,Ryan,kryanbm@google.co.jp,Apple,San Francisco
420,William,Howard,whowardbn@oakley.com,Granify,New York
421,Carol,Howard,chowardbo@ft.com,Apple,Seattle
422,Beverly,Lynch,blynchbp@ed.gov,Granify,Austin
423,Janice,Rodriguez,jrodriguezbq@webs.com,Dell,Seattle
424,Timothy,Mccoy,tmccoybr@imageshack.us,Amazon,Seattle
425,Donna,Kim,dkimbs@pcworld.com,Yahoo,San Francisco
426,Jason,Roberts,jrobertsbt@sina.com.cn,Granify,Austin
427,Mark,Oliver,moliverbu@addthis.com,Apple,Austin
428,Doris,Perez,dperezbv@ebay.com,Apple,Seattle
429,Jonathan,Hanson,jhansonbw@yahoo.com,Google,Seattle
430,George,Tucker,gtuckerbx@mtv.com,Granify,Austin
431,Jerry,Lynch,jlynchby@bigcartel.com,Apple,Seattle
432,Gregory,Myers,gmyersbz@cdbaby.com,Granify,San Francisco
433,Rachel,Evans,revansc0@aboutads.info,Dell,Seattle
434,Melissa,Black,mblackc1@xinhuanet.com,Dell,San Francisco
435,Jacqueline,Dixon,jdixonc2@answers.com,Amazon,New York
436,Craig,Sullivan,csullivanc3@bandcamp.com,Amazon,Austin
437,Joshua,Snyder,jsnyderc4@theguardian.com,Apple,Austin
438,Jonathan,Sullivan,jsullivanc5@elpais.com,Granify,Seattle
439,Jonathan,Torres,jtorresc6@networksolutions.com,Amazon,Seattle
440,Karen,Alvarez,kalvarezc7@macromedia.com,Yahoo,San Francisco
441,Joan,Kim,jkimc8@reverbnation.com,Apple,New York
442,Shawn,Rose,srosec9@craigslist.org,Yahoo,New York
443,Stephen,Harper,sharperca@google.it,Dell,Seattle
444,Antonio,Gardner,agardnercb@amazon.de,Yahoo,New York
445,Angela,Brown,abrowncc@networkadvertising.org,Google,New York
446,Joseph,Watson,jwatsoncd@loc.gov,Dell,San Francisco
447,Mark,Phillips,mphillipsce@i2i.jp,Apple,Seattle
448,Virginia,Montgomery,vmontgomerycf@jugem.jp,Amazon,San Francisco
449,James,Romero,jromerocg@cargocollective.com,Granify,San Francisco
450,Jonathan,Carpenter,jcarpenterch@spotify.com,Yahoo,Austin
451,Craig,Turner,cturnerci@amazon.co.jp,Yahoo,San Francisco
452,Wanda,Riley,wrileycj@guardian.co.uk,Amazon,New York
453,Nicholas,Sullivan,nsullivanck@skype.com,Google,San Francisco
454,Harry,Rose,hrosecl@nymag.com,Dell,Seattle
455,Christine,Smith,csmithcm@networkadvertising.org,Amazon,New York
456,Harold,Romero,hromerocn@pen.io,Apple,San Francisco
457,Brandon,Lewis,blewisco@vkontakte.ru,Granify,Seattle
458,Stephen,Morrison,smorrisoncp@yelp.com,Granify,Seattle
459,Walter,Stewart,wstewartcq@yelp.com,Google,San Francisco
460,Fred,Jenkins,fjenkinscr@sourceforge.net,Granify,San Francisco
461,Roy,Davis,rdaviscs@google.com.br,Amazon,Seattle
462,Jeremy,Hill,jhillct@about.com,Granify,Seattle
463,Russell,Stephens,rstephenscu@cbsnews.com,Yahoo,New York
464,Craig,Rice,cricecv@unc.edu,Google,New York
465,Cynthia,Ramirez,cramirezcw@ed.gov,Google,Seattle
466,Karen,Smith,ksmithcx@walmart.com,Dell,New York
467,Henry,Gibson,hgibsoncy@shutterfly.com,Google,San Francisco
468,John,Davis,jdaviscz@lycos.com,Dell,San Francisco
469,Teresa,Nichols,tnicholsd0@upenn.edu,Dell,Austin
470,Barbara,Duncan,bduncand1@disqus.com,Granify,Austin
471,Jane,Frazier,jfrazierd2@cnbc.com,Yahoo,San Francisco
472,Sharon,Elliott,selliottd3@ft.com,Yahoo,New York
473,Jose,Montgomery,jmontgomeryd4@squidoo.com,Apple,Austin
474,Deborah,Grant,dgrantd5@dmoz.org,Dell,Austin
475,Julia,Riley,jrileyd6@nasa.gov,Amazon,Austin
476,Evelyn,Montgomery,emontgomeryd7@com.com,Yahoo,Austin
477,Martha,Johnson,mjohnsond8@linkedin.com,Granify,New York
478,Amy,Graham,agrahamd9@google.it,Apple,Seattle
479,Sara,Carr,scarrda@google.co.jp,Yahoo,San Francisco
480,Edward,Wells,ewellsdb@wordpress.com,Apple,Austin
481,Terry,Williams,twilliamsdc@indiatimes.com,Apple,New York
482,Shirley,Lopez,slopezdd@newsvine.com,Apple,Seattle
483,Ruth,Gonzales,rgonzalesde@admin.ch,Google,Seattle
484,David,Hudson,dhudsondf@vk.com,Yahoo,San Francisco
485,Phyllis,Willis,pwillisdg@opera.com,Granify,San Francisco
486,Susan,Cook,scookdh@is.gd,Amazon,Austin
487,Judy,Payne,jpaynedi@apache.org,Granify,New York
488,Evelyn,Martinez,emartinezdj@deviantart.com,Granify,Seattle
489,Maria,White,mwhitedk@cocolog-nifty.com,Google,San Francisco
490,Larry,Griffin,lgriffindl@pagesperso-orange.fr,Dell,New York
491,Paula,Jackson,pjacksondm@hp.com,Granify,Austin
492,Clarence,Green,cgreendn@chicagotribune.com,Yahoo,New York
493,Shawn,Lee,sleedo@friendfeed.com,Yahoo,Seattle
494,Lori,Davis,ldavisdp@technorati.com,Google,San Francisco
495,Sarah,Gray,sgraydq@furl.net,Yahoo,Austin
496,William,Nguyen,wnguyendr@theglobeandmail.com,Dell,Seattle
497,Cheryl,Lopez,clopezds@newsvine.com,Dell,Austin
498,George,Rice,gricedt@themeforest.net,Google,Seattle
499,Clarence,Woods,cwoodsdu@irs.gov,Amazon,Austin
500,Christine,Allen,callendv@liveinternet.ru,Amazon,Seattle
501,Mary,Banks,mbanksdw@opera.com,Granify,Austin
502,Jacqueline,Gonzalez,jgonzalezdx@multiply.com,Amazon,New York
503,Anne,Meyer,ameyerdy@opensource.org,Amazon,San Francisco
504,Andrea,Murray,amurraydz@businesswire.com,Amazon,New York
505,Robin,Washington,rwashingtone0@google.de,Yahoo,Austin
506,Denise,Rose,drosee1@toplist.cz,Granify,San Francisco
507,Tammy,Gonzalez,tgonzaleze2@yahoo.com,Granify,Austin
508,Carl,Powell,cpowelle3@wired.com,Google,San Francisco
509,Ann,Stevens,astevense4@stumbleupon.com,Google,Seattle
510,Shawn,Watkins,swatkinse5@epa.gov,Granify,Austin
511,Antonio,Bradley,abradleye6@wp.com,Granify,New York
512,Willie,Hart,wharte7@sourceforge.net,Dell,New York
513,Ruby,Wallace,rwallacee8@guardian.co.uk,Amazon,Austin
514,Jerry,Marshall,jmarshalle9@shinystat.com,Yahoo,San Francisco
515,Kathleen,Ward,kwardea@bandcamp.com,Apple,New York
516,Peter,Ellis,pelliseb@senate.gov,Google,San Francisco
517,Carlos,Watkins,cwatkinsec@youtu.be,Yahoo,Austin
518,Joe,Arnold,jarnolded@gmpg.org,Yahoo,San Francisco
519,Larry,Lawrence,llawrenceee@omniture.com,Granify,Seattle
520,Jessica,Taylor,jtayloref@myspace.com,Dell,Austin
521,Mary,Lewis,mlewiseg@dyndns.org,Google,Austin
522,Randy,Wilson,rwilsoneh@so-net.ne.jp,Yahoo,Austin
523,Gregory,Fowler,gfowlerei@domainmarket.com,Yahoo,San Francisco
524,Judy,Reed,jreedej@mit.edu,Apple,Austin
525,Jerry,Morgan,jmorganek@wordpress.org,Apple,Seattle
526,Craig,Bell,cbellel@miitbeian.gov.cn,Amazon,Austin
527,Jerry,Thompson,jthompsonem@un.org,Dell,Seattle
528,Walter,Lee,wleeen@furl.net,Amazon,San Francisco
529,Henry,Brown,hbrowneo@webs.com,Dell,Seattle
530,Howard,Fowler,hfowlerep@mediafire.com,Amazon,Austin
531,Albert,Perkins,aperkinseq@lycos.com,Dell,Seattle
532,Laura,Jenkins,ljenkinser@ihg.com,Yahoo,Seattle
533,Joan,Burton,jburtones@nba.com,Google,Seattle
534,Carol,Cunningham,ccunninghamet@e-recht24.de,Dell,Austin
535,Stephen,Hart,sharteu@forbes.com,Dell,New York
536,Sandra,Stanley,sstanleyev@surveymonkey.com,Amazon,Austin
537,Randy,Roberts,rrobertsew@bluehost.com,Granify,Austin
538,Alan,Oliver,aoliverex@economist.com,Yahoo,San Francisco
539,Kathleen,Howard,khowardey@ameblo.jp,Granify,Seattle
540,Sarah,Matthews,smatthewsez@stanford.edu,Amazon,Austin
541,Janet,Stanley,jstanleyf0@hexun.com,Google,San Francisco
542,Mildred,Young,myoungf1@paypal.com,Apple,Seattle
543,Christine,Cook,ccookf2@weebly.com,Google,Austin
544,Joyce,Ramos,jramosf3@baidu.com,Dell,Seattle
545,Lori,Cox,lcoxf4@hubpages.com,Amazon,New York
546,Dennis,Perkins,dperkinsf5@ft.com,Amazon,San Francisco
547,Steven,Howell,showellf6@senate.gov,Yahoo,Austin
548,Kathryn,Ruiz,kruizf7@studiopress.com,Granify,San Francisco
549,Jerry,Romero,jromerof8@ihg.com,Yahoo,New York
550,George,Adams,gadamsf9@telegraph.co.uk,Amazon,Austin
551,Tammy,Howell,thowellfa@topsy.com,Apple,Seattle
552,Christina,Ramirez,cramirezfb@redcross.org,Google,Austin
553,Harold,Morris,hmorrisfc@army.mil,Apple,San Francisco
554,Brenda,Robinson,brobinsonfd@guardian.co.uk,Google,San Francisco
555,Robert,Romero,rromerofe@bigcartel.com,Apple,Seattle
556,Kathleen,Boyd,kboydff@opera.com,Dell,Seattle
557,Roger,Carr,rcarrfg@forbes.com,Granify,Seattle
558,Denise,Gray,dgrayfh@blogtalkradio.com,Yahoo,Austin
559,Amanda,Mcdonald,amcdonaldfi@google.ru,Granify,San Francisco
560,Gary,Martin,gmartinfj@list-manage.com,Yahoo,Seattle
561,Irene,Reed,ireedfk@goo.gl,Yahoo,Seattle
562,Kelly,Lynch,klynchfl@sina.com.cn,Amazon,New York
563,Doris,Hart,dhartfm@hibu.com,Dell,Austin
564,Donald,Murphy,dmurphyfn@google.com.hk,Amazon,San Francisco
565,Harold,Nguyen,hnguyenfo@nasa.gov,Amazon,Seattle
566,Judith,Bowman,jbowmanfp@ebay.com,Yahoo,San Francisco
567,Charles,Gordon,cgordonfq@behance.net,Yahoo,San Francisco
568,Kathryn,Bradley,kbradleyfr@theglobeandmail.com,Apple,Seattle
569,Paul,Lopez,plopezfs@oracle.com,Yahoo,New York
570,Randy,Hawkins,rhawkinsft@gizmodo.com,Granify,Austin
571,Samuel,Stanley,sstanleyfu@t-online.de,Google,San Francisco
572,Kenneth,Howell,khowellfv@newyorker.com,Granify,Seattle
573,Jesse,Kelley,jkelleyfw@twitpic.com,Apple,Austin
574,Amanda,Diaz,adiazfx@auda.org.au,Dell,Austin
575,Carlos,Cox,ccoxfy@businessinsider.com,Amazon,New York
576,Cynthia,Cooper,ccooperfz@nhs.uk,Granify,Austin
577,Fred,Greene,fgreeneg0@wunderground.com,Apple,Austin
578,Lisa,King,lkingg1@skype.com,Google,Austin
579,Kathleen,Carter,kcarterg2@deliciousdays.com,Yahoo,San Francisco
580,Janet,Day,jdayg3@hc360.com,Granify,Austin
581,Rebecca,Clark,rclarkg4@noaa.gov,Granify,Austin
582,Joseph,Fields,jfieldsg5@buzzfeed.com,Granify,New York
583,Jennifer,Powell,jpowellg6@people.com.cn,Dell,Seattle
584,Joan,Perkins,jperkinsg7@ovh.net,Granify,New York
585,Jessica,Mccoy,jmccoyg8@hostgator.com,Amazon,Austin
586,Teresa,Hunt,thuntg9@skyrock.com,Dell,Austin
587,Todd,Alvarez,talvarezga@webmd.com,Dell,Austin
588,Pamela,Wilson,pwilsongb@wikimedia.org,Yahoo,San Francisco
589,Albert,Richards,arichardsgc@sakura.ne.jp,Yahoo,New York
590,Elizabeth,Ward,ewardgd@netvibes.com,Amazon,New York
591,David,Gutierrez,dgutierrezge@creativecommons.org,Dell,San Francisco
592,Paul,Harrison,pharrisongf@netscape.com,Dell,Seattle
593,Cheryl,Meyer,cmeyergg@yellowpages.com,Apple,Seattle
594,Anna,Cunningham,acunninghamgh@merriam-webster.com,Yahoo,San Francisco
595,Cynthia,Meyer,cmeyergi@ovh.net,Granify,Austin
596,James,Collins,jcollinsgj@tiny.cc,Yahoo,Seattle
597,Samuel,Fernandez,sfernandezgk@ibm.com,Dell,Seattle
598,Roger,Green,rgreengl@homestead.com,Apple,San Francisco
599,Earl,Morrison,emorrisongm@opera.com,Granify,New York
600,Irene,Reynolds,ireynoldsgn@xinhuanet.com,Amazon,New York
601,Kimberly,Bishop,kbishopgo@fotki.com,Apple,Austin
602,Raymond,Washington,rwashingtongp@odnoklassniki.ru,Yahoo,New York
603,Gerald,Stone,gstonegq@mayoclinic.com,Granify,Austin
604,Dorothy,Wallace,dwallacegr@mtv.com,Amazon,Seattle
605,Ann,Perkins,aperkinsgs@wiley.com,Yahoo,Austin
606,Carlos,Brooks,cbrooksgt@dyndns.org,Dell,San Francisco
607,Nancy,Olson,nolsongu@discovery.com,Yahoo,New York
608,Mildred,Crawford,mcrawfordgv@behance.net,Google,New York
609,George,White,gwhitegw@flavors.me,Amazon,New York
610,Stephanie,Sanders,ssandersgx@hhs.gov,Apple,New York
611,Brian,Hill,bhillgy@yellowbook.com,Dell,Seattle
612,Steve,Welch,swelchgz@netlog.com,Apple,Seattle
613,Ruby,Adams,radamsh0@economist.com,Google,New York
614,Peter,Ramirez,pramirezh1@sfgate.com,Google,New York
615,Scott,Duncan,sduncanh2@imageshack.us,Yahoo,Seattle
616,Anthony,Thompson,athompsonh3@360.cn,Yahoo,Seattle
617,Betty,Carr,bcarrh4@marriott.com,Google,New York
618,Annie,Webb,awebbh5@t-online.de,Yahoo,Seattle
619,Henry,Porter,hporterh6@ihg.com,Granify,Austin
620,Scott,Hawkins,shawkinsh7@skyrock.com,Yahoo,Austin
621,Phyllis,Warren,pwarrenh8@fastcompany.com,Granify,Austin
622,Paula,King,pkingh9@google.co.uk,Amazon,New York
623,Alan,Mitchell,amitchellha@msu.edu,Dell,Austin
624,Lawrence,Willis,lwillishb@narod.ru,Granify,New York
625,Katherine,Burton,kburtonhc@hubpages.com,Apple,New York
626,Gloria,Bowman,gbowmanhd@hc360.com,Google,Seattle
627,Mildred,Thomas,mthomashe@hatena.ne.jp,Apple,New York
628,Brenda,Larson,blarsonhf@ox.ac.uk,Yahoo,Austin
629,Kathleen,Bryant,kbryanthg@si.edu,Granify,San Francisco
630,Angela,Wheeler,awheelerhh@flickr.com,Dell,New York
631,Patrick,Williams,pwilliamshi@bloglines.com,Granify,Seattle
632,Lawrence,Greene,lgreenehj@list-manage.com,Google,Seattle
633,Joan,Cox,jcoxhk@imageshack.us,Amazon,Austin
634,Lillian,Williamson,lwilliamsonhl@amazonaws.com,Dell,Seattle
635,Pamela,Patterson,ppattersonhm@msn.com,Dell,Seattle
636,Samuel,James,sjameshn@w3.org,Granify,San Francisco
637,David,Warren,dwarrenho@smugmug.com,Yahoo,San Francisco
638,Cynthia,Bradley,cbradleyhp@gov.uk,Dell,Seattle
639,Christopher,Holmes,cholmeshq@joomla.org,Amazon,Seattle
640,Albert,Crawford,acrawfordhr@yelp.com,Amazon,New York
641,Ronald,Stevens,rstevenshs@skyrock.com,Dell,New York
642,Philip,Torres,ptorresht@about.me,Google,New York
643,Martin,Morris,mmorrishu@liveinternet.ru,Dell,Austin
644,Carl,Garrett,cgarretthv@hubpages.com,Apple,Austin
645,Phyllis,Bryant,pbryanthw@soundcloud.com,Google,Austin
646,Kathleen,Bell,kbellhx@nps.gov,Granify,Seattle
647,Rebecca,Knight,rknighthy@nytimes.com,Granify,New York
648,Sara,Cunningham,scunninghamhz@cornell.edu,Google,San Francisco
649,Lawrence,Washington,lwashingtoni0@geocities.com,Dell,Austin
650,Timothy,Ward,twardi1@ftc.gov,Amazon,Seattle
651,Brian,Arnold,barnoldi2@newyorker.com,Google,Austin
652,Amy,Martinez,amartinezi3@jugem.jp,Yahoo,San Francisco
653,Rachel,Ramos,rramosi4@behance.net,Granify,New York
654,Kelly,Rice,kricei5@harvard.edu,Google,San Francisco
655,Christina,Grant,cgranti6@mozilla.org,Dell,San Francisco
656,Steven,Kim,skimi7@usatoday.com,Dell,Austin
657,Paul,Watkins,pwatkinsi8@epa.gov,Dell,Seattle
658,Linda,Mills,lmillsi9@nsw.gov.au,Google,New York
659,Joyce,Morgan,jmorgania@reuters.com,Dell,Seattle
660,Jack,Lane,jlaneib@arstechnica.com,Granify,New York
661,David,Olson,dolsonic@liveinternet.ru,Amazon,San Francisco
662,Margaret,Ray,mrayid@infoseek.co.jp,Apple,San Francisco
663,Melissa,Foster,mfosterie@list-manage.com,Dell,Seattle
664,Chris,Rogers,crogersif@businesswire.com,Dell,Seattle
665,Jose,Matthews,jmatthewsig@icq.com,Google,Austin
666,Karen,Dean,kdeanih@exblog.jp,Apple,Seattle
667,Samuel,Clark,sclarkii@taobao.com,Yahoo,San Francisco
668,Marilyn,Hansen,mhansenij@youtube.com,Granify,New York
669,Doris,Henry,dhenryik@netvibes.com,Apple,Seattle
670,Phyllis,Lewis,plewisil@g.co,Granify,New York
671,Brian,Kim,orange@cargocollective.com,Yahoo,Seattle
672,Diana,Castillo,dcastilloin@wufoo.com,Google,Seattle
673,Jean,Davis,jdavisio@ask.com,Granify,San Francisco
674,Ernest,Torres,etorresip@ca.gov,Google,Seattle
675,Brenda,Welch,bwelchiq@bandcamp.com,Amazon,San Francisco
676,Elizabeth,Rodriguez,erodriguezir@parallels.com,Amazon,Seattle
677,Marie,Fox,mfoxis@usnews.com,Google,Seattle
678,Russell,Hawkins,rhawkinsit@newyorker.com,Yahoo,San Francisco
679,Brandon,Hunt,bhuntiu@biblegateway.com,Amazon,Austin
680,Christina,Boyd,cboydiv@dell.com,Google,Seattle
681,Phillip,Hughes,phughesiw@ted.com,Yahoo,Austin
682,Gregory,Lee,gleeix@ocn.ne.jp,Dell,Austin
683,Janice,Rodriguez,jrodrigueziy@npr.org,Dell,New York
684,Janice,Hamilton,jhamiltoniz@nasa.gov,Dell,Austin
685,Timothy,Gonzales,tgonzalesj0@bbc.co.uk,Yahoo,Austin
686,Deborah,Meyer,dmeyerj1@omniture.com,Apple,San Francisco
687,Jonathan,Wells,jwellsj2@prnewswire.com,Google,Seattle
688,Edward,Morgan,emorganj3@cbc.ca,Apple,San Francisco
689,Timothy,Vasquez,tvasquezj4@auda.org.au,Granify,San Francisco
690,Eugene,Ortiz,eortizj5@exblog.jp,Google,Seattle
691,Elizabeth,Torres,etorresj6@imageshack.us,Apple,Seattle
692,Phyllis,Gilbert,pgilbertj7@ihg.com,Granify,New York
693,Paula,Carpenter,pcarpenterj8@microsoft.com,Amazon,Austin
694,Judith,Austin,jaustinj9@yahoo.com,Amazon,Seattle
695,Victor,Hughes,vhughesja@purevolume.com,Google,Austin
696,Marilyn,Greene,mgreenejb@storify.com,Yahoo,San Francisco
697,Joe,Coleman,jcolemanjc@mac.com,Dell,New York
698,Patricia,Hansen,phansenjd@skype.com,Amazon,Seattle
699,Sara,Clark,sclarkje@rediff.com,Apple,Austin
700,Rachel,Wallace,rwallacejf@timesonline.co.uk,Google,San Francisco
701,Tammy,Watson,twatsonjg@comcast.net,Google,Seattle
702,Nancy,Medina,nmedinajh@cafepress.com,Apple,Austin
703,Henry,Nelson,hnelsonji@archive.org,Dell,New York
704,Amanda,Brooks,abrooksjj@yellowpages.com,Yahoo,San Francisco
705,Edward,Sullivan,esullivanjk@google.com.au,Google,Austin
706,Kathryn,Jacobs,kjacobsjl@google.com.au,Apple,Seattle
707,Jesse,Morgan,jmorganjm@independent.co.uk,Google,New York
708,Sharon,Hanson,shansonjn@domainmarket.com,Dell,New York
709,Judy,Owens,jowensjo@spiegel.de,Dell,Austin
710,Donna,Henry,dhenryjp@amazon.co.jp,Yahoo,San Francisco
711,Irene,Larson,ilarsonjq@nydailynews.com,Google,New York
712,Bobby,Baker,bbakerjr@usatoday.com,Amazon,New York
713,Janet,Kelley,jkelleyjs@youtube.com,Amazon,San Francisco
714,Judy,Hanson,jhansonjt@springer.com,Amazon,Seattle
715,Janice,Lopez,jlopezju@google.com,Google,Austin
716,Keith,Robertson,krobertsonjv@shareasale.com,Google,San Francisco
717,David,Gonzales,dgonzalesjw@multiply.com,Dell,San Francisco
718,Gary,Ramirez,gramirezjx@washington.edu,Yahoo,Seattle
719,Eugene,Fernandez,orange@cargocollective.com,Apple,San Francisco
720,Ruth,Martinez,rmartinezjz@jimdo.com,Yahoo,New York
721,Stephanie,Kim,skimk0@unc.edu,Apple,San Francisco
722,Paula,Mason,pmasonk1@cam.ac.uk,Yahoo,Seattle
723,Tammy,Frazier,tfrazierk2@state.tx.us,Yahoo,San Francisco
724,Janet,Cunningham,jcunninghamk3@nasa.gov,Amazon,New York
725,Jimmy,Hayes,jhayesk4@netscape.com,Granify,New York
726,Jimmy,Long,jlongk5@slideshare.net,Dell,Seattle
727,Helen,Rodriguez,hrodriguezk6@washingtonpost.com,Dell,Austin
728,Lori,James,ljamesk7@live.com,Amazon,New York
729,Edward,Hall,ehallk8@cbc.ca,Yahoo,San Francisco
730,Paul,Reyes,preyesk9@github.com,Granify,Austin
731,Ronald,Morales,rmoraleska@howstuffworks.com,Amazon,Austin
732,Denise,Lynch,dlynchkb@drupal.org,Dell,New York
733,Nancy,Green,ngreenkc@odnoklassniki.ru,Amazon,Seattle
734,Denise,Cunningham,dcunninghamkd@ed.gov,Granify,New York
735,Todd,Burke,tburkeke@amazon.co.jp,Amazon,San Francisco
736,Gerald,Perkins,gperkinskf@mediafire.com,Apple,Seattle
737,Elizabeth,Price,epricekg@joomla.org,Yahoo,Seattle
738,Charles,Young,cyoungkh@walmart.com,Google,New York
739,Sandra,Rose,sroseki@exblog.jp,Google,New York
740,Jesse,Hicks,jhickskj@ycombinator.com,Amazon,San Francisco
741,Antonio,Oliver,aoliverkk@ebay.co.uk,Yahoo,Austin
742,Richard,Reed,rreedkl@ocn.ne.jp,Amazon,Seattle
743,Heather,Reed,hreedkm@webs.com,Dell,New York
744,Eric,Carpenter,ecarpenterkn@ox.ac.uk,Amazon,San Francisco
745,Thomas,Hawkins,thawkinsko@flavors.me,Dell,Seattle
746,Alan,Hicks,ahickskp@nih.gov,Yahoo,Seattle
747,Jose,Green,jgreenkq@hao123.com,Granify,New York
748,Craig,Griffin,cgriffinkr@clickbank.net,Amazon,Austin
749,Nicole,Moore,nmooreks@google.com.br,Dell,New York
750,Tammy,Robinson,trobinsonkt@geocities.jp,Google,San Francisco
751,Martin,Ray,mrayku@oaic.gov.au,Apple,New York
752,Louis,Robertson,lrobertsonkv@fc2.com,Apple,New York
753,Thomas,Simmons,tsimmonskw@bloglovin.com,Yahoo,Austin
754,Robert,Riley,rrileykx@istockphoto.com,Granify,New York
755,Jerry,Sims,jsimsky@soup.io,Yahoo,New York
756,Paula,Russell,prussellkz@nasa.gov,Dell,Seattle
757,Gloria,Black,gblackl0@bloglines.com,Amazon,Austin
758,Ryan,Roberts,rrobertsl1@mozilla.org,Apple,New York
759,Theresa,Black,tblackl2@people.com.cn,Amazon,New York
760,Ruby,Mendoza,rmendozal3@businessinsider.com,Granify,San Francisco
761,William,Holmes,wholmesl4@de.vu,Yahoo,Austin
762,Jimmy,Cooper,jcooperl5@amazon.co.jp,Dell,Seattle
763,Martha,Fisher,mfisherl6@sohu.com,Dell,New York
764,Elizabeth,Peterson,epetersonl7@unicef.org,Yahoo,New York
765,Karen,Butler,kbutlerl8@indiegogo.com,Apple,Austin
766,Angela,Hart,ahartl9@moonfruit.com,Dell,Seattle
767,Billy,Hamilton,bhamiltonla@paginegialle.it,Amazon,New York
768,Earl,White,ewhitelb@discuz.net,Amazon,Austin
769,Judy,Mccoy,jmccoylc@newyorker.com,Dell,Austin
770,Helen,Smith,hsmithld@samsung.com,Apple,Austin
771,Harold,Gomez,hgomezle@intel.com,Granify,San Francisco
772,Ryan,Hansen,rhansenlf@wp.com,Yahoo,Austin
773,Alan,Holmes,aholmeslg@merriam-webster.com,Yahoo,San Francisco
774,Diane,Baker,dbakerlh@yolasite.com,Google,Seattle
775,Aaron,Reynolds,areynoldsli@weather.com,Apple,New York
776,Frances,Jones,fjoneslj@4shared.com,Google,Seattle
777,Jonathan,Crawford,jcrawfordlk@omniture.com,Yahoo,San Francisco
778,Harold,Moore,hmoorell@spotify.com,Apple,Seattle
779,Raymond,Greene,rgreenelm@g.co,Granify,Seattle
780,Ruth,Palmer,rpalmerln@netvibes.com,Apple,Austin
781,Benjamin,Williams,bwilliamslo@dyndns.org,Google,New York
782,Carlos,Evans,cevanslp@paypal.com,Google,New York
783,Alice,Burton,aburtonlq@boston.com,Google,Seattle
784,Lisa,Hunter,lhunterlr@webs.com,Granify,New York
785,Mary,Brown,mbrownls@squarespace.com,Google,New York
786,Margaret,Rogers,mrogerslt@flavors.me,Dell,New York
787,Aaron,Reed,areedlu@netlog.com,Yahoo,San Francisco
788,Tammy,Thomas,tthomaslv@hubpages.com,Amazon,Austin
789,Roy,Woods,rwoodslw@springer.com,Apple,New York
790,Donald,White,dwhitelx@deviantart.com,Dell,New York
791,Phyllis,James,pjamesly@amazon.com,Google,Seattle
792,Jesse,Castillo,jcastillolz@state.tx.us,Google,Seattle
793,Patricia,Richardson,prichardsonm0@ebay.com,Google,Seattle
794,Patrick,Gutierrez,pgutierrezm1@ovh.net,Apple,Seattle
795,Margaret,Berry,mberrym2@upenn.edu,Yahoo,New York
796,Louise,Dunn,ldunnm3@pbs.org,Amazon,Austin
797,Mark,Rice,mricem4@shutterfly.com,Amazon,Austin
798,Katherine,Allen,kallenm5@unc.edu,Apple,New York
799,Chris,Gilbert,cgilbertm6@google.nl,Google,Seattle
800,Angela,Russell,arussellm7@gnu.org,Yahoo,Austin
801,Judy,Walker,jwalkerm8@purevolume.com,Yahoo,Seattle
802,Julie,Welch,jwelchm9@mac.com,Granify,Austin
803,Eugene,Banks,ebanksma@jimdo.com,Dell,San Francisco
804,Teresa,Arnold,tarnoldmb@ask.com,Google,Seattle
805,Amy,Owens,aowensmc@istockphoto.com,Apple,New York
806,Lawrence,Garza,lgarzamd@sogou.com,Yahoo,Seattle
807,Marilyn,Diaz,mdiazme@drupal.org,Dell,New York
808,Ronald,Howard,rhowardmf@cmu.edu,Amazon,Austin
809,Jeremy,Campbell,jcampbellmg@surveymonkey.com,Google,Austin
810,Paula,Reid,preidmh@netlog.com,Google,Seattle
811,Robert,White,rwhitemi@123-reg.co.uk,Google,San Francisco
812,Amanda,Fox,afoxmj@lycos.com,Dell,New York
813,Nancy,Price,npricemk@gmpg.org,Amazon,San Francisco
814,Jacqueline,Lynch,jlynchml@over-blog.com,Yahoo,Austin
815,Denise,Romero,dromeromm@friendfeed.com,Google,San Francisco
816,Diane,Weaver,dweavermn@shutterfly.com,Granify,New York
817,George,Williams,gwilliamsmo@gizmodo.com,Dell,Austin
818,Jerry,Ortiz,jortizmp@etsy.com,Granify,San Francisco
819,Emily,Thompson,ethompsonmq@yahoo.com,Amazon,Seattle
820,Edward,Henry,ehenrymr@independent.co.uk,Dell,Austin
821,Mary,Ford,mfordms@wikipedia.org,Dell,Austin
822,Brian,Dixon,bdixonmt@google.cn,Yahoo,San Francisco
823,Sandra,Henry,shenrymu@yellowpages.com,Dell,Austin
824,Christopher,Riley,crileymv@usatoday.com,Apple,Austin
825,Rose,Torres,rtorresmw@ca.gov,Dell,Austin
826,Bonnie,Gardner,bgardnermx@netlog.com,Google,Seattle
827,Gary,Green,ggreenmy@ning.com,Dell,Seattle
828,Jean,Henderson,jhendersonmz@sfgate.com,Apple,San Francisco
829,Albert,Fernandez,afernandezn0@europa.eu,Google,San Francisco
830,Aaron,Cooper,acoopern1@linkedin.com,Granify,Seattle
831,Denise,Hayes,dhayesn2@hugedomains.com,Yahoo,New York
832,Howard,Graham,hgrahamn3@discuz.net,Yahoo,San Francisco
833,Martha,Reyes,mreyesn4@ucoz.ru,Google,San Francisco
834,Rebecca,Romero,rromeron5@businesswire.com,Dell,Seattle
835,Scott,Alvarez,salvarezn6@google.es,Dell,Seattle
836,Fred,Fisher,ffishern7@cocolog-nifty.com,Apple,San Francisco
837,Gary,Reyes,greyesn8@cnet.com,Google,Austin
838,Thomas,Bradley,tbradleyn9@utexas.edu,Granify,San Francisco
839,Christina,Vasquez,cvasquezna@mac.com,Yahoo,Austin
840,Barbara,Payne,bpaynenb@sohu.com,Dell,New York
841,Patrick,Hunter,phunternc@springer.com,Google,New York
842,Angela,Price,apricend@google.it,Amazon,Austin
843,Bobby,Ramirez,bramirezne@whitehouse.gov,Google,New York
844,Lawrence,Howell,lhowellnf@nih.gov,Dell,Austin
845,Kimberly,Crawford,kcrawfordng@nasa.gov,Amazon,Austin
846,Russell,Howell,rhowellnh@usa.gov,Dell,Seattle
847,Judy,Chavez,jchavezni@usa.gov,Granify,Austin
848,Matthew,Taylor,mtaylornj@springer.com,Yahoo,New York
849,Albert,Barnes,abarnesnk@va.gov,Dell,Austin
850,Betty,Burton,bburtonnl@sogou.com,Amazon,Seattle
851,Denise,Jenkins,djenkinsnm@un.org,Amazon,New York
852,Angela,Perez,apereznn@123-reg.co.uk,Granify,Austin
853,Joan,Fisher,jfisherno@tripadvisor.com,Yahoo,New York
854,Sandra,Mason,smasonnp@noaa.gov,Google,San Francisco
855,Shawn,Dunn,sdunnnq@last.fm,Granify,Austin
856,Jean,Gilbert,jgilbertnr@msu.edu,Apple,Seattle
857,Judy,Myers,jmyersns@nba.com,Apple,Seattle
858,Janet,Burton,jburtonnt@imdb.com,Yahoo,Austin
859,Dennis,Burton,dburtonnu@exblog.jp,Google,New York
860,Julia,Holmes,jholmesnv@ifeng.com,Granify,New York
861,Walter,Crawford,wcrawfordnw@tumblr.com,Granify,New York
862,Billy,Mcdonald,bmcdonaldnx@lycos.com,Google,New York
863,Arthur,Gibson,agibsonny@wsj.com,Dell,San Francisco
864,Terry,Cooper,tcoopernz@digg.com,Apple,New York
865,Amy,Mendoza,amendozao0@ehow.com,Amazon,Austin
866,Victor,Snyder,vsnydero1@bigcartel.com,Google,Austin
867,Phyllis,Medina,pmedinao2@joomla.org,Apple,Austin
868,Chris,Alvarez,calvarezo3@infoseek.co.jp,Google,Seattle
869,Shawn,Ramirez,sramirezo4@rediff.com,Amazon,New York
870,Christopher,Ray,crayo5@gnu.org,Granify,San Francisco
871,Jose,Meyer,jmeyero6@csmonitor.com,Granify,San Francisco
872,Gloria,Price,gpriceo7@cnn.com,Yahoo,Austin
873,Harry,Powell,orange@cargocollective.com,Yahoo,New York
874,Christina,Gonzalez,cgonzalezo9@cafepress.com,Dell,New York
875,Earl,Henry,ehenryoa@e-recht24.de,Google,New York
876,Todd,Rodriguez,trodriguezob@xinhuanet.com,Dell,Seattle
877,Brian,Moore,bmooreoc@is.gd,Google,New York
878,Karen,Weaver,kweaverod@shutterfly.com,Apple,Austin
879,Dorothy,Flores,dfloresoe@state.gov,Amazon,Austin
880,Christine,Hughes,chughesof@tuttocitta.it,Google,San Francisco
881,Wayne,Graham,wgrahamog@netlog.com,Google,Seattle
882,Ernest,Ruiz,eruizoh@oracle.com,Dell,New York
883,Rose,Bowman,rbowmanoi@soundcloud.com,Amazon,Austin
884,Linda,Sims,lsimsoj@flickr.com,Google,Seattle
885,Mary,Grant,mgrantok@xinhuanet.com,Granify,Seattle
886,Bonnie,Lewis,blewisol@ftc.gov,Apple,Austin
887,Howard,Hunt,hhuntom@youtube.com,Yahoo,Austin
888,Wanda,Ford,wfordon@weibo.com,Amazon,Seattle
889,Jessica,Hall,jhalloo@hugedomains.com,Apple,San Francisco
890,Martha,Washington,mwashingtonop@blog.com,Google,New York
891,Ronald,Rodriguez,rrodriguezoq@webeden.co.uk,Amazon,New York
892,Mary,Holmes,mholmesor@thetimes.co.uk,Granify,Austin
893,Phillip,Schmidt,pschmidtos@list-manage.com,Amazon,New York
894,Timothy,Thompson,tthompsonot@digg.com,Apple,New York
895,Patricia,Burns,pburnsou@hao123.com,Apple,Seattle
896,Michelle,Graham,mgrahamov@dyndns.org,Yahoo,Austin
897,Bruce,Brooks,bbrooksow@ning.com,Apple,Austin
898,Ryan,Clark,rclarkox@omniture.com,Apple,San Francisco
899,Karen,West,kwestoy@tmall.com,Dell,New York
900,Terry,Black,tblackoz@spiegel.de,Yahoo,San Francisco
901,Sandra,Bell,sbellp0@unesco.org,Dell,Austin
902,Susan,Burke,sburkep1@dedecms.com,Dell,New York
903,Raymond,Morrison,rmorrisonp2@miibeian.gov.cn,Google,New York
904,Robin,Hicks,rhicksp3@ezinearticles.com,Yahoo,Seattle
905,Jessica,Gibson,jgibsonp4@de.vu,Yahoo,Austin
906,Steve,Henry,shenryp5@bluehost.com,Amazon,Austin
907,Craig,Welch,cwelchp6@yellowpages.com,Granify,San Francisco
908,Nicole,Turner,nturnerp7@who.int,Amazon,San Francisco
909,Justin,Little,jlittlep8@fastcompany.com,Google,San Francisco
910,Sandra,Lane,slanep9@chicagotribune.com,Yahoo,New York
911,Phyllis,Myers,pmyerspa@cdbaby.com,Apple,Seattle
912,Dorothy,Kelly,dkellypb@lulu.com,Granify,Seattle
913,Rachel,West,rwestpc@comsenz.com,Amazon,New York
914,Evelyn,Berry,eberrypd@ifeng.com,Yahoo,New York
915,Jesse,Willis,jwillispe@disqus.com,Amazon,Seattle
916,Philip,Montgomery,pmontgomerypf@odnoklassniki.ru,Google,San Francisco
917,Diana,Martin,dmartinpg@about.com,Google,San Francisco
918,Marie,Lynch,mlynchph@163.com,Dell,Seattle
919,Victor,Miller,vmillerpi@unesco.org,Dell,San Francisco
920,Richard,Evans,revanspj@t.co,Yahoo,Seattle
921,Benjamin,Robinson,brobinsonpk@fema.gov,Dell,Austin
922,Russell,Ford,rfordpl@seesaa.net,Apple,Austin
923,Stephen,Castillo,scastillopm@facebook.com,Granify,New York
924,Ronald,Castillo,rcastillopn@mit.edu,Yahoo,New York
925,Lawrence,Rivera,lriverapo@disqus.com,Amazon,San Francisco
926,Roger,Howell,rhowellpp@mayoclinic.com,Dell,New York
927,Samuel,Weaver,sweaverpq@businessinsider.com,Granify,San Francisco
928,Alan,Nguyen,anguyenpr@4shared.com,Dell,New York
929,Carolyn,Cruz,ccruzps@ft.com,Dell,San Francisco
930,Eugene,Reyes,ereyespt@eepurl.com,Yahoo,Austin
931,Steven,Holmes,sholmespu@rambler.ru,Google,Austin
932,Angela,George,ageorgepv@1688.com,Google,Austin
933,Carolyn,Stevens,cstevenspw@mediafire.com,Amazon,Seattle
934,Bobby,Morris,bmorrispx@ezinearticles.com,Yahoo,New York
935,Joseph,Ortiz,jortizpy@pen.io,Dell,New York
936,Judith,Jacobs,jjacobspz@parallels.com,Amazon,New York
937,Carlos,Banks,cbanksq0@com.com,Yahoo,New York
938,Joseph,Marshall,jmarshallq1@wired.com,Amazon,San Francisco
939,Gerald,Rogers,grogersq2@tinyurl.com,Amazon,Seattle
940,Maria,Miller,mmillerq3@xrea.com,Apple,New York
941,Larry,Gardner,lgardnerq4@github.com,Google,Seattle
942,Mark,Hawkins,mhawkinsq5@amazon.co.jp,Apple,Seattle
943,Aaron,Hamilton,ahamiltonq6@umn.edu,Apple,San Francisco
944,Andrea,Holmes,aholmesq7@hugedomains.com,Amazon,New York
945,Helen,Hart,hhartq8@blogger.com,Amazon,Seattle
946,Beverly,Hudson,bhudsonq9@joomla.org,Granify,San Francisco
947,Arthur,Garza,agarzaqa@illinois.edu,Amazon,Seattle
948,Eric,Allen,eallenqb@latimes.com,Granify,New York
949,David,Powell,dpowellqc@nymag.com,Granify,San Francisco
950,Alan,Hicks,ahicksqd@stanford.edu,Amazon,Austin
951,Tina,Ferguson,tfergusonqe@google.it,Apple,Seattle
952,Juan,Richards,jrichardsqf@a8.net,Apple,Seattle
953,Russell,Wilson,rwilsonqg@mail.ru,Google,Seattle
954,Lisa,Moore,lmooreqh@tamu.edu,Apple,New York
955,Norma,Ryan,nryanqi@usa.gov,Apple,Seattle
956,Kathleen,King,kkingqj@cloudflare.com,Granify,Seattle
957,Kathy,Fowler,kfowlerqk@jimdo.com,Yahoo,New York
958,Chris,Reyes,creyesql@altervista.org,Yahoo,Austin
959,Jacqueline,Hanson,jhansonqm@alexa.com,Dell,Seattle
960,Wayne,Alexander,walexanderqn@cbc.ca,Granify,San Francisco
961,Ruby,Moore,rmooreqo@economist.com,Google,San Francisco
962,Randy,Gibson,rgibsonqp@hugedomains.com,Google,San Francisco
963,Laura,Ramos,lramosqq@unc.edu,Amazon,Austin
964,Joyce,Harris,jharrisqr@biglobe.ne.jp,Dell,Seattle
965,Ernest,Dixon,edixonqs@canalblog.com,Apple,San Francisco
966,Shirley,Hall,shallqt@nydailynews.com,Amazon,Austin
967,Jennifer,Olson,jolsonqu@yellowbook.com,Apple,San Francisco
968,Heather,Clark,hclarkqv@freewebs.com,Apple,New York
969,Douglas,Howell,dhowellqw@hostgator.com,Granify,New York
970,Brandon,Jenkins,bjenkinsqx@free.fr,Amazon,New York
971,Donald,Robertson,drobertsonqy@toplist.cz,Yahoo,San Francisco
972,Norma,Rice,nriceqz@smugmug.com,Amazon,Austin
973,Margaret,Baker,mbakerr0@google.es,Google,Seattle
974,Judith,Rodriguez,jrodriguezr1@ebay.co.uk,Amazon,Austin
975,Frank,Lewis,flewisr2@free.fr,Dell,Austin
976,Phillip,Reyes,preyesr3@shutterfly.com,Apple,Seattle
977,Harold,Murphy,hmurphyr4@nydailynews.com,Amazon,New York
978,Doris,Wilson,dwilsonr5@spiegel.de,Dell,Austin
979,Martha,West,mwestr6@wp.com,Yahoo,New York
980,Philip,Bowman,pbowmanr7@google.co.uk,Apple,Austin
981,George,Baker,gbakerr8@nsw.gov.au,Google,San Francisco
982,Joshua,Jacobs,jjacobsr9@rediff.com,Amazon,San Francisco
983,Anna,Hunter,ahunterra@privacy.gov.au,Apple,Austin
984,Annie,Lane,alanerb@noaa.gov,Yahoo,Austin
985,David,Stone,dstonerc@google.co.uk,Amazon,Austin
986,Mildred,Moore,mmoorerd@phpbb.com,Google,New York
987,Lois,Anderson,landersonre@netscape.com,Yahoo,New York
988,Chris,Murray,cmurrayrf@springer.com,Amazon,Seattle
989,Jimmy,Price,jpricerg@tiny.cc,Yahoo,San Francisco
990,Teresa,Flores,tfloresrh@people.com.cn,Apple,San Francisco
991,Janice,Torres,jtorresri@archive.org,Yahoo,Austin
992,Kathy,Hayes,khayesrj@shop-pro.jp,Apple,New York
993,Betty,Green,bgreenrk@ning.com,Google,Austin
994,Amanda,Collins,acollinsrl@gmpg.org,Amazon,San Francisco
995,Donna,Perez,dperezrm@clickbank.net,Yahoo,Austin
996,Tina,Peterson,tpetersonrn@arizona.edu,Apple,Seattle
997,Jose,Adams,jadamsro@instagram.com,Granify,New York
998,Richard,Brooks,rbrooksrp@alexa.com,Yahoo,New York
999,Marilyn,Gilbert,mgilbertrq@tamu.edu,Amazon,San Francisco
1000,Lori,Robertson,lrobertsonrr@ibm.com,Google,Seattle
